{
  "shoes": [
    {
      "id": 1,
      "name": "Shoe 1",
      "image": "https://images.pexels.com/photos/3281608/pexels-photo-3281608.jpeg?auto=compress&cs=tinysrgb&w=800",
      "cart_quantity": 4
    },
    {
      "id": 2,
      "name": "Shoe 2",
      "image": "https://images.pexels.com/photos/9993286/pexels-photo-9993286.jpeg?auto=compress&cs=tinysrgb&w=800",
      "cart_quantity": 0
    },
    {
      "id": 3,
      "name": "Shoe 3",
      "image": "https://images.pexels.com/photos/8378567/pexels-photo-8378567.jpeg?auto=compress&cs=tinysrgb&w=800",
      "cart_quantity": 4
    },
    {
      "id": 4,
      "name": "Shoe 4",
      "image": "https://images.pexels.com/photos/5710085/pexels-photo-5710085.jpeg?auto=compress&cs=tinysrgb&w=800",
      "cart_quantity": 0
    },
    {
      "id": 5,
      "name": "Shoe 5",
      "image": "https://images.pexels.com/photos/1456733/pexels-photo-1456733.jpeg?auto=compress&cs=tinysrgb&w=800",
      "cart_quantity": 0
    },
    {
      "id": 6,
      "name": "Shoe 6",
      "image": "https://images.pexels.com/photos/1456706/pexels-photo-1456706.jpeg?auto=compress&cs=tinysrgb&w=800",
      "cart_quantity": 0
    },
    {
      "id": 7,
      "name": "Shoe 7",
      "image": "https://images.pexels.com/photos/2529157/pexels-photo-2529157.jpeg?auto=compress&cs=tinysrgb&w=800",
      "cart_quantity": 0
    },
    {
      "id": 8,
      "name": "Shoe 8",
      "image": "https://images.pexels.com/photos/4495409/pexels-photo-4495409.jpeg?auto=compress&cs=tinysrgb&w=800",
      "cart_quantity": 0
    },
    {
      "id": 9,
      "name": "Shoe 9",
      "image": "https://images.pexels.com/photos/6540927/pexels-photo-6540927.jpeg?auto=compress&cs=tinysrgb&w=800",
      "cart_quantity": 0
    },
    {
      "id": 10,
      "name": "Shoe 10",
      "image": "https://images.pexels.com/photos/9645566/pexels-photo-9645566.jpeg?auto=compress&cs=tinysrgb&w=800",
      "cart_quantity": 0
    },
    {
      "id": 11,
      "name": "Shoe 11",
      "image": "https://images.pexels.com/photos/2529148/pexels-photo-2529148.jpeg?auto=compress&cs=tinysrgb&w=800",
      "cart_quantity": 0
    },
    {
      "id": 12,
      "name": "Shoe 12",
      "image": "https://images.pexels.com/photos/6777980/pexels-photo-6777980.jpeg?auto=compress&cs=tinysrgb&w=800",
      "cart_quantity": 0
    },
    {
      "id": 13,
      "name": "Shoe 13",
      "image": "https://images.pexels.com/photos/6747235/pexels-photo-6747235.jpeg?auto=compress&cs=tinysrgb&w=800",
      "cart_quantity": 0
    },
    {
      "id": 14,
      "name": "Shoe 14",
      "image": "https://images.pexels.com/photos/3261069/pexels-photo-3261069.jpeg?auto=compress&cs=tinysrgb&w=800",
      "cart_quantity": 0
    },
    {
      "id": 15,
      "name": "Shoe 15",
      "image": "https://images.pexels.com/photos/4252948/pexels-photo-4252948.jpeg?auto=compress&cs=tinysrgb&w=800",
      "cart_quantity": 2
    }
  ]
}
